{"MPTimes":[29,27.299999952316284,27.200000047683716,27.5,37,27.700000047683716,26.59999990463257,28.199999809265137,26.799999952316284,27.700000047683716,28.09999990463257,29.200000047683716,27.799999952316284,26.700000047683716,28.09999990463257,29.799999952316284,27.700000047683716,28.700000047683716,31.09999990463257,27.700000047683716,27.90000009536743,27.399999856948853,28,28.90000009536743,28.100000143051147,26.399999856948853,31.700000047683716,36.40000009536743,26.799999952316284,29,28.100000143051147,28.5,27.300000190734863,33,30.09999990463257,28.90000009536743,27.100000143051147,27.09999990463257,27.299999952316284,27,27.59999990463257,26.299999952316284,30.90000009536743,28.299999952316284,27.5,27.59999990463257,29.199999809265137,28.200000047683716,27.5,27,27.5,28,27.799999952316284,39.299999952316284,26.700000047683716,26.299999952316284,27.40000009536743,28.899999856948853,31.5,28.899999856948853,27.800000190734863,26.40000009536743,29.40000009536743,27,43,27.59999990463257,27.59999990463257,35,35.700000047683716,27.5,29.399999856948853,29.200000047683716,28.699999809265137,27.200000047683716,29.09999990463257,28.699999809265137,27.600000143051147,28.200000047683716,27.90000009536743,31.5,27.09999990463257,27.600000143051147,30.09999990463257,37.40000009536743,29.799999952316284,25.700000047683716,29.100000143051147,28.700000047683716,27.5,28.299999952316284,28.09999990463257,26.90000009536743,27.899999856948853,35.40000009536743,36.10000014305115,27.899999856948853,28,29.299999952316284,35.80000019073486,27.5],"Heuristic":[0,0.09999990463256836,0,0.10000014305114746,0,0,0.20000004768371582,0.09999990463256836,0,0.09999990463256836,0,0.10000014305114746,0,0.09999990463256836,0,0.09999990463256836,0,0.09999990463256836,0.09999990463256836,0.10000014305114746,0.10000014305114746,0.20000004768371582,0.09999990463256836,0.10000014305114746,0.09999990463256836,0.10000014305114746,0.10000014305114746,0,0.09999990463256836,0,0,0.10000014305114746,0,0,0,0,0,0.09999990463256836,0.09999990463256836,0.10000014305114746,0,0,0.10000014305114746,0,0.09999990463256836,0,0.10000014305114746,0.09999990463256836,0,0,0,0,0,0,0.09999990463256836,0,0,0,0.10000014305114746,0.09999990463256836,0.10000014305114746,0.09999990463256836,0.09999990463256836,0.09999990463256836,0.09999990463256836,0.09999990463256836,0,0,0.09999990463256836,0,0.20000004768371582,0,0.09999990463256836,0.10000014305114746,0.10000014305114746,0,0.10000014305114746,0.10000014305114746,0.10000014305114746,0,0.09999990463256836,0,0,0,0.09999990463256836,0.10000014305114746,0.09999990463256836,0,0.10000014305114746,0.09999990463256836,0,0.5999999046325684,0,0.10000014305114746,0.10000014305114746,0,0.09999990463256836,0,0,0.09999990463256836],"NeuralNetwork":[3.5999999046325684,6.800000190734863,3.5,3.1000001430511475,3.4000000953674316,2.299999952316284,3.700000047683716,6.099999904632568,2.5,5,2.5,2.4000000953674316,2.200000047683716,8.200000047683716,3.3000001907348633,8.600000143051147,7.6000001430511475,3.6000001430511475,12.599999904632568,3,2.799999952316284,15.599999904632568,2.5,2.3999998569488525,3.200000047683716,2.700000047683716,2.9000000953674316,2.4000000953674316,2.299999952316284,2.299999952316284,2.799999952316284,3.9000000953674316,2.299999952316284,4.900000095367432,2.6000001430511475,2.4000000953674316,2.5,2.5999999046325684,4.700000047683716,4.900000095367432,2.1999998092651367,2.5,2.299999952316284,2.5,6.3999998569488525,4.200000047683716,2.8999998569488525,2.3000001907348633,2.700000047683716,2.200000047683716,2.5,3.299999952316284,2.6000001430511475,6.700000047683716,2.1000001430511475,3.0999999046325684,2.299999952316284,8.200000047683716,2.299999952316284,2.5999999046325684,2.200000047683716,7.099999904632568,3.0999999046325684,4.799999952316284,2.1999998092651367,2.3999998569488525,2.299999952316284,2.8999998569488525,2.8999998569488525,5.299999952316284,2.299999952316284,3.8999998569488525,2.200000047683716,2.299999952316284,2.1999998092651367,8.599999904632568,2.5,4.700000047683716,2.4000000953674316,2.299999952316284,2.299999952316284,8.799999952316284,3.700000047683716,2.299999952316284,2.200000047683716,2.299999952316284,2.5,7.200000047683716,2.1999998092651367,4,2.200000047683716,2.9000000953674316,3.5,8.099999904632568,2.4000000953674316,2.5999999046325684,2.3000001907348633,2.5,2.3999998569488525,12.200000047683716],"NeuralNetwork60":[5.3999998569488525,8.5,5.900000095367432,6.400000095367432,6.1000001430511475,5.400000095367432,6.3999998569488525,5.799999952316284,6.299999952316284,5.5,5.700000047683716,6.900000095367432,9.5,7,4.700000047683716,6.599999904632568,7,4.400000095367432,4.299999952316284,10.400000095367432,5.700000047683716,5.799999952316284,6,7.800000190734863,5.5,6,7.900000095367432,5.799999952316284,6.599999904632568,4.099999904632568,5.1000001430511475,9.799999952316284,6.400000095367432,7.200000047683716,6.5,5.1000001430511475,6.099999904632568,5.599999904632568,6.799999952316284,6.699999809265137,6.299999952316284,12.299999952316284,8.599999904632568,8.200000047683716,5.599999904632568,5.5,6.699999809265137,5.5,7,7.900000095367432,8.100000143051147,5.6000001430511475,5.599999904632568,7.400000095367432,6.599999904632568,5.099999904632568,6.5,6.200000047683716,4.299999952316284,4.099999904632568,5.3999998569488525,7,8.699999809265137,6.599999904632568,6.199999809265137,6.200000047683716,5.599999904632568,6.5,7,5.599999904632568,6.099999904632568,4.299999952316284,11.400000095367432,7.299999952316284,6.700000047683716,6.299999952316284,7.799999952316284,4.900000095367432,5.699999809265137,7.199999809265137,7.400000095367432,5.799999952316284,5.099999904632568,6.3999998569488525,5.3999998569488525,4.900000095367432,6.700000047683716,4.1000001430511475,6.1000001430511475,4.299999952316284,5.300000190734863,6.6000001430511475,6.400000095367432,5,6.699999809265137,5.700000047683716,5.3999998569488525,6.199999809265137,6,6.199999809265137]}